{"config": {"pkg": "./codigo", "execdate": "26-09-2025_16:16:37", "command": "pascalanalyzer ./codigo -c 1, 2, 4, 8, 16, 32, 64 -i 50, 62, 79, 100, 125, 158, 200 -o saida.json -r 3", "hostname": "r2n00.npad.internal", "kernel": "Linux-4.18.0-477.10.1.el8_8.x86_64-x86_64-with-glibc2.14", "disable_hyperthread": false, "auto_instrumentation": false, "idle_time": 0, "data_descriptor": {"values": ["start_time", "stop_time"], "keys": ["cores", "input", "repetitions"]}, "disable_cores": false, "discard_ompnt": true, "arguments": ["50", " 62", " 125", " 100", " 200", " 158", " 79"]}, "data": {"64;0;1": {"start_time": 1758914197.1666203, "stop_time": 1758914197.5095222}, "64;0;2": {"start_time": 1758914197.5101442, "stop_time": 1758914197.7523406}, "64;0;3": {"start_time": 1758914197.7529123, "stop_time": 1758914197.9936898}, "64;1;1": {"start_time": 1758914197.99431, "stop_time": 1758914198.4362974}, "64;1;2": {"start_time": 1758914198.4368672, "stop_time": 1758914198.863798}, "64;1;3": {"start_time": 1758914198.864355, "stop_time": 1758914199.3056788}, "64;2;1": {"start_time": 1758914199.3063025, "stop_time": 1758914200.051359}, "64;2;2": {"start_time": 1758914200.0519638, "stop_time": 1758914200.8277862}, "64;2;3": {"start_time": 1758914200.8282962, "stop_time": 1758914201.566043}, "64;3;1": {"start_time": 1758914201.5667596, "stop_time": 1758914202.9222858}, "64;3;2": {"start_time": 1758914202.922875, "stop_time": 1758914204.341074}, "64;3;3": {"start_time": 1758914204.3416953, "stop_time": 1758914205.557104}, "64;4;1": {"start_time": 1758914205.557792, "stop_time": 1758914207.3045127}, "64;4;2": {"start_time": 1758914207.3051934, "stop_time": 1758914209.1453834}, "64;4;3": {"start_time": 1758914209.1461015, "stop_time": 1758914210.913875}, "64;5;1": {"start_time": 1758914210.9146988, "stop_time": 1758914214.280637}, "64;5;2": {"start_time": 1758914214.2816117, "stop_time": 1758914218.369973}, "64;5;3": {"start_time": 1758914218.3707, "stop_time": 1758914221.6715128}, "64;6;1": {"start_time": 1758914221.672296, "stop_time": 1758914227.4482322}, "64;6;2": {"start_time": 1758914227.4491346, "stop_time": 1758914233.3000133}, "64;6;3": {"start_time": 1758914233.3007724, "stop_time": 1758914239.105735}, "32;0;1": {"start_time": 1758914239.1064732, "stop_time": 1758914239.3242145}, "32;0;2": {"start_time": 1758914239.324843, "stop_time": 1758914239.5420942}, "32;0;3": {"start_time": 1758914239.542642, "stop_time": 1758914239.7588897}, "32;1;1": {"start_time": 1758914239.7595088, "stop_time": 1758914240.1116214}, "32;1;2": {"start_time": 1758914240.1121693, "stop_time": 1758914240.46375}, "32;1;3": {"start_time": 1758914240.4643075, "stop_time": 1758914240.8141258}, "32;2;1": {"start_time": 1758914240.8147185, "stop_time": 1758914241.43728}, "32;2;2": {"start_time": 1758914241.437846, "stop_time": 1758914242.0690722}, "32;2;3": {"start_time": 1758914242.0696712, "stop_time": 1758914242.6904316}, "32;3;1": {"start_time": 1758914242.6910741, "stop_time": 1758914243.8554075}, "32;3;2": {"start_time": 1758914243.8560255, "stop_time": 1758914245.0508597}, "32;3;3": {"start_time": 1758914245.051501, "stop_time": 1758914246.2977035}, "32;4;1": {"start_time": 1758914246.298409, "stop_time": 1758914248.5024776}, "32;4;2": {"start_time": 1758914248.503183, "stop_time": 1758914250.6607015}, "32;4;3": {"start_time": 1758914250.6613753, "stop_time": 1758914252.8611376}, "32;5;1": {"start_time": 1758914252.8619564, "stop_time": 1758914257.1895554}, "32;5;2": {"start_time": 1758914257.1902814, "stop_time": 1758914261.4778688}, "32;5;3": {"start_time": 1758914261.4785993, "stop_time": 1758914265.7450259}, "32;6;1": {"start_time": 1758914265.7458265, "stop_time": 1758914274.274528}, "32;6;2": {"start_time": 1758914274.2757125, "stop_time": 1758914282.8201332}, "32;6;3": {"start_time": 1758914282.8208482, "stop_time": 1758914291.3205814}, "16;0;1": {"start_time": 1758914291.3213413, "stop_time": 1758914291.6458828}, "16;0;2": {"start_time": 1758914291.6464984, "stop_time": 1758914291.9666216}, "16;0;3": {"start_time": 1758914291.9671412, "stop_time": 1758914292.298315}, "16;1;1": {"start_time": 1758914292.2988906, "stop_time": 1758914292.8474388}, "16;1;2": {"start_time": 1758914292.8479476, "stop_time": 1758914293.3792777}, "16;1;3": {"start_time": 1758914293.3797991, "stop_time": 1758914293.911604}, "16;2;1": {"start_time": 1758914293.912158, "stop_time": 1758914294.9208753}, "16;2;2": {"start_time": 1758914294.9214375, "stop_time": 1758914295.9268167}, "16;2;3": {"start_time": 1758914295.9273672, "stop_time": 1758914296.9420102}, "16;3;1": {"start_time": 1758914296.9426525, "stop_time": 1758914298.816242}, "16;3;2": {"start_time": 1758914298.8168483, "stop_time": 1758914300.7366745}, "16;3;3": {"start_time": 1758914300.7373924, "stop_time": 1758914302.462761}, "16;4;1": {"start_time": 1758914302.463499, "stop_time": 1758914306.0504284}, "16;4;2": {"start_time": 1758914306.051219, "stop_time": 1758914309.5829449}, "16;4;3": {"start_time": 1758914309.5836601, "stop_time": 1758914313.124259}, "16;5;1": {"start_time": 1758914313.1251202, "stop_time": 1758914319.9712386}, "16;5;2": {"start_time": 1758914319.9719582, "stop_time": 1758914326.8169198}, "16;5;3": {"start_time": 1758914326.8176053, "stop_time": 1758914333.689687}, "16;6;1": {"start_time": 1758914333.6905622, "stop_time": 1758914347.4611392}, "16;6;2": {"start_time": 1758914347.4621065, "stop_time": 1758914361.4807088}, "16;6;3": {"start_time": 1758914361.4813633, "stop_time": 1758914375.367184}, "8;0;1": {"start_time": 1758914375.3679929, "stop_time": 1758914375.858766}, "8;0;2": {"start_time": 1758914375.8593652, "stop_time": 1758914376.320534}, "8;0;3": {"start_time": 1758914376.3210642, "stop_time": 1758914376.781745}, "8;1;1": {"start_time": 1758914376.7823193, "stop_time": 1758914377.593951}, "8;1;2": {"start_time": 1758914377.594479, "stop_time": 1758914378.410467}, "8;1;3": {"start_time": 1758914378.4110355, "stop_time": 1758914379.2463262}, "8;2;1": {"start_time": 1758914379.2469618, "stop_time": 1758914380.874688}, "8;2;2": {"start_time": 1758914380.875277, "stop_time": 1758914382.4991753}, "8;2;3": {"start_time": 1758914382.499811, "stop_time": 1758914384.1280155}, "8;3;1": {"start_time": 1758914384.1287007, "stop_time": 1758914387.3597064}, "8;3;2": {"start_time": 1758914387.3603904, "stop_time": 1758914390.5879424}, "8;3;3": {"start_time": 1758914390.5886157, "stop_time": 1758914393.8275225}, "8;4;1": {"start_time": 1758914393.828541, "stop_time": 1758914400.0356898}, "8;4;2": {"start_time": 1758914400.0364337, "stop_time": 1758914406.2426152}, "8;4;3": {"start_time": 1758914406.243303, "stop_time": 1758914412.509899}, "8;5;1": {"start_time": 1758914412.5107143, "stop_time": 1758914425.052264}, "8;5;2": {"start_time": 1758914425.053436, "stop_time": 1758914437.5350835}, "8;5;3": {"start_time": 1758914437.5357862, "stop_time": 1758914450.1350715}, "8;6;1": {"start_time": 1758914450.1359117, "stop_time": 1758914475.260737}, "8;6;2": {"start_time": 1758914475.2619379, "stop_time": 1758914499.9651203}, "8;6;3": {"start_time": 1758914499.96583, "stop_time": 1758914524.9101083}, "4;0;1": {"start_time": 1758914524.9109452, "stop_time": 1758914525.6676414}, "4;0;2": {"start_time": 1758914525.6683078, "stop_time": 1758914526.4135113}, "4;0;3": {"start_time": 1758914526.4140863, "stop_time": 1758914527.1616924}, "4;1;1": {"start_time": 1758914527.1623204, "stop_time": 1758914528.5898929}, "4;1;2": {"start_time": 1758914528.5905306, "stop_time": 1758914530.0026004}, "4;1;3": {"start_time": 1758914530.00327, "stop_time": 1758914531.4059455}, "4;2;1": {"start_time": 1758914531.406661, "stop_time": 1758914534.476183}, "4;2;2": {"start_time": 1758914534.4768722, "stop_time": 1758914537.3839986}, "4;2;3": {"start_time": 1758914537.3846858, "stop_time": 1758914540.288308}, "4;3;1": {"start_time": 1758914540.2890363, "stop_time": 1758914546.2416203}, "4;3;2": {"start_time": 1758914546.2423255,