{"config": {"pkg": "./codigo", "execdate": "30-09-2025_21:24:45", "command": "pascalanalyzer ./codigo -c 1, 2, 4, 8, 16, 32, 64 -i 50, 62, 79, 100, 125, 158, 200 -o saida_close.json -r 3", "hostname": "r2n49.npad.internal", "kernel": "Linux-4.18.0-477.10.1.el8_8.x86_64-x86_64-with-glibc2.14", "disable_hyperthread": false, "auto_instrumentation": false, "idle_time": 0, "data_descriptor": {"values": ["start_time", "stop_time"], "keys": ["cores", "input", "repetitions"]}, "disable_cores": false, "discard_ompnt": true, "arguments": ["50", " 100", " 62", " 158", " 200", " 125", " 79"]}, "data": {"64;0;1": {"start_time": 1759278285.2037709, "stop_time": 1759278285.2859476}, "64;0;2": {"start_time": 1759278285.2867916, "stop_time": 1759278285.374537}, "64;0;3": {"start_time": 1759278285.375371, "stop_time": 1759278285.4577615}, "64;1;1": {"start_time": 1759278285.4586813, "stop_time": 1759278285.6046586}, "64;1;2": {"start_time": 1759278285.6054132, "stop_time": 1759278285.7496}, "64;1;3": {"start_time": 1759278285.7504036, "stop_time": 1759278285.8906002}, "64;2;1": {"start_time": 1759278285.891493, "stop_time": 1759278286.1653452}, "64;2;2": {"start_time": 1759278286.1661592, "stop_time": 1759278286.4373724}, "64;2;3": {"start_time": 1759278286.4382312, "stop_time": 1759278286.7180383}, "64;3;1": {"start_time": 1759278286.7189274, "stop_time": 1759278287.2537808}, "64;3;2": {"start_time": 1759278287.2545557, "stop_time": 1759278287.788162}, "64;3;3": {"start_time": 1759278287.789018, "stop_time": 1759278288.3261828}, "64;4;1": {"start_time": 1759278288.3271034, "stop_time": 1759278289.3153994}, "64;4;2": {"start_time": 1759278289.3161721, "stop_time": 1759278290.3045268}, "64;4;3": {"start_time": 1759278290.30538, "stop_time": 1759278291.2902546}, "64;5;1": {"start_time": 1759278291.2913795, "stop_time": 1759278293.4357183}, "64;5;2": {"start_time": 1759278293.4368517, "stop_time": 1759278295.6087048}, "64;5;3": {"start_time": 1759278295.6097012, "stop_time": 1759278297.758442}, "64;6;1": {"start_time": 1759278297.7593462, "stop_time": 1759278302.2199886}, "64;6;2": {"start_time": 1759278302.221219, "stop_time": 1759278306.7290628}, "64;6;3": {"start_time": 1759278306.7301059, "stop_time": 1759278311.2281444}, "32;0;1": {"start_time": 1759278311.229153, "stop_time": 1759278311.3642018}, "32;0;2": {"start_time": 1759278311.3651237, "stop_time": 1759278311.497841}, "32;0;3": {"start_time": 1759278311.498611, "stop_time": 1759278311.6369743}, "32;1;1": {"start_time": 1759278311.6378388, "stop_time": 1759278311.8812788}, "32;1;2": {"start_time": 1759278311.8820763, "stop_time": 1759278312.1296039}, "32;1;3": {"start_time": 1759278312.1304379, "stop_time": 1759278312.373528}, "32;2;1": {"start_time": 1759278312.3744345, "stop_time": 1759278312.8557203}, "32;2;2": {"start_time": 1759278312.8565032, "stop_time": 1759278313.3328426}, "32;2;3": {"start_time": 1759278313.3337193, "stop_time": 1759278313.8164208}, "32;3;1": {"start_time": 1759278313.8173711, "stop_time": 1759278314.7588053}, "32;3;2": {"start_time": 1759278314.7596667, "stop_time": 1759278315.7119346}, "32;3;3": {"start_time": 1759278315.7130828, "stop_time": 1759278316.683265}, "32;4;1": {"start_time": 1759278316.6842608, "stop_time": 1759278318.5444195}, "32;4;2": {"start_time": 1759278318.545656, "stop_time": 1759278320.3930085}, "32;4;3": {"start_time": 1759278320.394186, "stop_time": 1759278322.2418346}, "32;5;1": {"start_time": 1759278322.2428854, "stop_time": 1759278326.0748625}, "32;5;2": {"start_time": 1759278326.0758953, "stop_time": 1759278329.908941}, "32;5;3": {"start_time": 1759278329.9099166, "stop_time": 1759278333.7365203}, "32;6;1": {"start_time": 1759278333.7374463, "stop_time": 1759278341.5909245}, "32;6;2": {"start_time": 1759278341.5924451, "stop_time": 1759278349.466073}, "32;6;3": {"start_time": 1759278349.4671452, "stop_time": 1759278357.3799365}, "16;0;1": {"start_time": 1759278357.3811133, "stop_time": 1759278357.617211}, "16;0;2": {"start_time": 1759278357.6181512, "stop_time": 1759278357.8519106}, "16;0;3": {"start_time": 1759278357.852713, "stop_time": 1759278358.0831773}, "16;1;1": {"start_time": 1759278358.0840552, "stop_time": 1759278358.5229907}, "16;1;2": {"start_time": 1759278358.5237923, "stop_time": 1759278358.9642646}, "16;1;3": {"start_time": 1759278358.9651566, "stop_time": 1759278359.39972}, "16;2;1": {"start_time": 1759278359.4006445, "stop_time": 1759278360.3012066}, "16;2;2": {"start_time": 1759278360.3020823, "stop_time": 1759278361.19326}, "16;2;3": {"start_time": 1759278361.1941957, "stop_time": 1759278362.091545}, "16;3;1": {"start_time": 1759278362.0925386, "stop_time": 1759278363.9685116}, "16;3;2": {"start_time": 1759278363.9695094, "stop_time": 1759278365.8254478}, "16;3;3": {"start_time": 1759278365.8264189, "stop_time": 1759278367.6980274}, "16;4;1": {"start_time": 1759278367.6992466, "stop_time": 1759278371.3747144}, "16;4;2": {"start_time": 1759278371.3756151, "stop_time": 1759278375.076851}, "16;4;3": {"start_time": 1759278375.077874, "stop_time": 1759278378.7352195}, "16;5;1": {"start_time": 1759278378.7366157, "stop_time": 1759278386.124559}, "16;5;2": {"start_time": 1759278386.1255991, "stop_time": 1759278393.558481}, "16;5;3": {"start_time": 1759278393.5597537, "stop_time": 1759278400.9788687}, "16;6;1": {"start_time": 1759278400.979996, "stop_time": 1759278416.2223337}, "16;6;2": {"start_time": 1759278416.2237732, "stop_time": 1759278431.4774146}, "16;6;3": {"start_time": 1759278431.4785607, "stop_time": 1759278446.678754}, "8;0;1": {"start_time": 1759278446.6799006, "stop_time": 1759278447.113363}, "8;0;2": {"start_time": 1759278447.1143446, "stop_time": 1759278447.5835364}, "8;0;3": {"start_time": 1759278447.5843692, "stop_time": 1759278448.0138035}, "8;1;1": {"start_time": 1759278448.0147884, "stop_time": 1759278448.8514109}, "8;1;2": {"start_time": 1759278448.8523195, "stop_time": 1759278449.689688}, "8;1;3": {"start_time": 1759278449.6905496, "stop_time": 1759278450.515247}, "8;2;1": {"start_time": 1759278450.5162354, "stop_time": 1759278452.2872713}, "8;2;2": {"start_time": 1759278452.2882338, "stop_time": 1759278454.0602655}, "8;2;3": {"start_time": 1759278454.0612874, "stop_time": 1759278455.8301406}, "8;3;1": {"start_time": 1759278455.8312411, "stop_time": 1759278459.5549653}, "8;3;2": {"start_time": 1759278459.5559802, "stop_time": 1759278463.2618089}, "8;3;3": {"start_time": 1759278463.262859, "stop_time": 1759278466.9284194}, "8;4;1": {"start_time": 1759278466.9295838, "stop_time": 1759278474.256507}, "8;4;2": {"start_time": 1759278474.2575884, "stop_time": 1759278481.533589}, "8;4;3": {"start_time": 1759278481.5348346, "stop_time": 1759278488.7597988}, "8;5;1": {"start_time": 1759278488.761158, "stop_time": 1759278503.5493708}, "8;5;2": {"start_time": 1759278503.55036, "stop_time": 1759278518.2517626}, "8;5;3": {"start_time": 1759278518.2528722, "stop_time": 1759278532.898082}, "8;6;1": {"start_time": 1759278532.8994658, "stop_time": 1759278563.1598442}, "8;6;2": {"start_time": 1759278563.161427, "stop_time": 1759278593.1908538}, "8;6;3": {"start_time": 1759278593.1919088, "stop_time": 1759278623.382056}, "4;0;1": {"start_time": 1759278623.383247, "stop_time": 1759278624.240531}, "4;0;2": {"start_time": 1759278624.2415245, "stop_time": 1759278625.088937}, "4;0;3": {"start_time": 1759278625.0898569, "stop_time": 1759278625.9391563}, "4;1;1": {"start_time": 1759278625.9401407, "stop_time": 1759278627.5945022}, "4;1;2": {"start_time": 1759278627.5954535, "stop_time": 1759278629.2552962}, "4;1;3": {"start_time": 1759278629.2562878, "stop_time": 1759278630.8921027}, "4;2;1": {"start_time": 1759278630.8932426, "stop_time": 1759278634.3740122}, "4;2;2": {"start_time": 1759278634.3750548, "stop_time": 1759278637.884161}, "4;2;3": {"start_time": 1759278637.88523, "stop_time": 1759278641.405365}, "4;3;1": {"start_time": 1759278641.4064374, "stop_time": 1759278648.6812623}, "4;3;2": {"start_time": 1759278648.6824481,