{"config": {"pkg": "./codigo", "execdate": "30-09-2025_14:19:39", "command": "pascalanalyzer ./codigo -c 1, 2, 4, 8, 16, 32, 64 -i 50, 62, 79, 100, 125, 158, 200 -o saida_false.json -r 3", "hostname": "r2n46.npad.internal", "kernel": "Linux-4.18.0-477.10.1.el8_8.x86_64-x86_64-with-glibc2.14", "disable_hyperthread": false, "auto_instrumentation": false, "idle_time": 0, "data_descriptor": {"values": ["start_time", "stop_time"], "keys": ["cores", "input", "repetitions"]}, "disable_cores": false, "discard_ompnt": true, "arguments": ["50", " 200", " 100", " 79", " 62", " 125", " 158"]}, "data": {"64;0;1": {"start_time": 1759252779.682757, "stop_time": 1759252780.0601041}, "64;0;2": {"start_time": 1759252780.060658, "stop_time": 1759252780.3015683}, "64;0;3": {"start_time": 1759252780.3021343, "stop_time": 1759252780.5381987}, "64;1;1": {"start_time": 1759252780.5388055, "stop_time": 1759252780.969035}, "64;1;2": {"start_time": 1759252780.969584, "stop_time": 1759252781.4048693}, "64;1;3": {"start_time": 1759252781.4054525, "stop_time": 1759252781.8419986}, "64;2;1": {"start_time": 1759252781.8426414, "stop_time": 1759252782.5963554}, "64;2;2": {"start_time": 1759252782.5970137, "stop_time": 1759252783.3795838}, "64;2;3": {"start_time": 1759252783.380219, "stop_time": 1759252784.2170699}, "64;3;1": {"start_time": 1759252784.2177668, "stop_time": 1759252786.0285928}, "64;3;2": {"start_time": 1759252786.0292406, "stop_time": 1759252787.355646}, "64;3;3": {"start_time": 1759252787.356256, "stop_time": 1759252788.5148442}, "64;4;1": {"start_time": 1759252788.5155082, "stop_time": 1759252790.7409344}, "64;4;2": {"start_time": 1759252790.7416117, "stop_time": 1759252793.8015873}, "64;4;3": {"start_time": 1759252793.8028526, "stop_time": 1759252795.5411801}, "64;5;1": {"start_time": 1759252795.5419607, "stop_time": 1759252799.1961465}, "64;5;2": {"start_time": 1759252799.197073, "stop_time": 1759252802.644731}, "64;5;3": {"start_time": 1759252802.6454825, "stop_time": 1759252806.6246076}, "64;6;1": {"start_time": 1759252806.6254163, "stop_time": 1759252812.1321294}, "64;6;2": {"start_time": 1759252812.1328514, "stop_time": 1759252817.6592588}, "64;6;3": {"start_time": 1759252817.6599953, "stop_time": 1759252823.1358387}, "32;0;1": {"start_time": 1759252823.1366441, "stop_time": 1759252823.3474765}, "32;0;2": {"start_time": 1759252823.348136, "stop_time": 1759252823.5589519}, "32;0;3": {"start_time": 1759252823.5594923, "stop_time": 1759252823.771198}, "32;1;1": {"start_time": 1759252823.771833, "stop_time": 1759252824.2667634}, "32;1;2": {"start_time": 1759252824.2673419, "stop_time": 1759252824.5966113}, "32;1;3": {"start_time": 1759252824.597198, "stop_time": 1759252824.9438837}, "32;2;1": {"start_time": 1759252824.9445307, "stop_time": 1759252825.5452862}, "32;2;2": {"start_time": 1759252825.545869, "stop_time": 1759252826.1431527}, "32;2;3": {"start_time": 1759252826.143738, "stop_time": 1759252826.7527034}, "32;3;1": {"start_time": 1759252826.7533958, "stop_time": 1759252827.9015033}, "32;3;2": {"start_time": 1759252827.9021592, "stop_time": 1759252829.0021458}, "32;3;3": {"start_time": 1759252829.0027597, "stop_time": 1759252830.141769}, "32;4;1": {"start_time": 1759252830.1424918, "stop_time": 1759252832.192432}, "32;4;2": {"start_time": 1759252832.1931553, "stop_time": 1759252834.3375454}, "32;4;3": {"start_time": 1759252834.3382692, "stop_time": 1759252836.3864007}, "32;5;1": {"start_time": 1759252836.3872118, "stop_time": 1759252840.8383563}, "32;5;2": {"start_time": 1759252840.8390675, "stop_time": 1759252845.3017075}, "32;5;3": {"start_time": 1759252845.3024426, "stop_time": 1759252849.7752109}, "32;6;1": {"start_time": 1759252849.7760036, "stop_time": 1759252858.0391016}, "32;6;2": {"start_time": 1759252858.0401187, "stop_time": 1759252866.2401972}, "32;6;3": {"start_time": 1759252866.2409263, "stop_time": 1759252874.519759}, "16;0;1": {"start_time": 1759252874.5205982, "stop_time": 1759252874.8394115}, "16;0;2": {"start_time": 1759252874.8401363, "stop_time": 1759252875.159111}, "16;0;3": {"start_time": 1759252875.159701, "stop_time": 1759252875.4847791}, "16;1;1": {"start_time": 1759252875.485433, "stop_time": 1759252876.0427024}, "16;1;2": {"start_time": 1759252876.0433311, "stop_time": 1759252876.5923932}, "16;1;3": {"start_time": 1759252876.593, "stop_time": 1759252877.1502903}, "16;2;1": {"start_time": 1759252877.151019, "stop_time": 1759252878.2481344}, "16;2;2": {"start_time": 1759252878.2487473, "stop_time": 1759252879.318445}, "16;2;3": {"start_time": 1759252879.319104, "stop_time": 1759252880.4141169}, "16;3;1": {"start_time": 1759252880.4148288, "stop_time": 1759252882.5382986}, "16;3;2": {"start_time": 1759252882.5390067, "stop_time": 1759252884.6434677}, "16;3;3": {"start_time": 1759252884.6441927, "stop_time": 1759252886.740069}, "16;4;1": {"start_time": 1759252886.7408638, "stop_time": 1759252890.6763291}, "16;4;2": {"start_time": 1759252890.6771002, "stop_time": 1759252894.572876}, "16;4;3": {"start_time": 1759252894.5736578, "stop_time": 1759252898.5384207}, "16;5;1": {"start_time": 1759252898.539256, "stop_time": 1759252906.938981}, "16;5;2": {"start_time": 1759252906.9397762, "stop_time": 1759252915.3443043}, "16;5;3": {"start_time": 1759252915.345065, "stop_time": 1759252923.733676}, "16;6;1": {"start_time": 1759252923.7345643, "stop_time": 1759252939.642812}, "16;6;2": {"start_time": 1759252939.6440601, "stop_time": 1759252955.5616486}, "16;6;3": {"start_time": 1759252955.5625615, "stop_time": 1759252971.3700035}, "8;0;1": {"start_time": 1759252971.370901, "stop_time": 1759252971.870798}, "8;0;2": {"start_time": 1759252971.871558, "stop_time": 1759252972.3689744}, "8;0;3": {"start_time": 1759252972.3695607, "stop_time": 1759252972.882508}, "8;1;1": {"start_time": 1759252972.8832014, "stop_time": 1759252973.8074255}, "8;1;2": {"start_time": 1759252973.8080766, "stop_time": 1759252974.7184103}, "8;1;3": {"start_time": 1759252974.7190828, "stop_time": 1759252975.6267078}, "8;2;1": {"start_time": 1759252975.6274502, "stop_time": 1759252977.495591}, "8;2;2": {"start_time": 1759252977.4962604, "stop_time": 1759252979.3666534}, "8;2;3": {"start_time": 1759252979.3673742, "stop_time": 1759252981.225542}, "8;3;1": {"start_time": 1759252981.2263525, "stop_time": 1759252984.9728086}, "8;3;2": {"start_time": 1759252984.9735749, "stop_time": 1759252988.6985586}, "8;3;3": {"start_time": 1759252988.6993647, "stop_time": 1759252992.451485}, "8;4;1": {"start_time": 1759252992.4523346, "stop_time": 1759252999.802069}, "8;4;2": {"start_time": 1759252999.8028388, "stop_time": 1759253007.1719887}, "8;4;3": {"start_time": 1759253007.1727786, "stop_time": 1759253014.4953506}, "8;5;1": {"start_time": 1759253014.4963403, "stop_time": 1759253029.9259298}, "8;5;2": {"start_time": 1759253029.926717, "stop_time": 1759253045.6180165}, "8;5;3": {"start_time": 1759253045.6187942, "stop_time": 1759253061.2078557}, "8;6;1": {"start_time": 1759253061.2089517, "stop_time": 1759253092.13468}, "8;6;2": {"start_time": 1759253092.1357105, "stop_time": 1759253123.0491238}, "8;6;3": {"start_time": 1759253123.0499225, "stop_time": 1759253154.0073552}, "4;0;1": {"start_time": 1759253154.0082877, "stop_time": 1759253154.9165273}, "4;0;2": {"start_time": 1759253154.9173129, "stop_time": 1759253155.8225367}, "4;0;3": {"start_time": 1759253155.8232245, "stop_time": 1759253156.7297704}, "4;1;1": {"start_time": 1759253156.7305596, "stop_time": 1759253158.4601958}, "4;1;2": {"start_time": 1759253158.4609973, "stop_time": 1759253160.1638172}, "4;1;3": {"start_time": 1759253160.1645374, "stop_time": 1759253161.899194}, "4;2;1": {"start_time": 1759253161.9000397, "stop_time": 1759253165.4792416}, "4;2;2": {"start_time": 1759253165.4800358, "stop_time": 1759253169.0501194}, "4;2;3": {"start_time": 1759253169.0509439, "stop_time": 1759253172.6358614}, "4;3;1": {"start_time": 1759253172.6367395, "stop_time": 1759253179.9434338}, "4;3;2": {"start_time": 1759253179.9442575,