{"config": {"pkg": "./codigo", "execdate": "30-09-2025_23:00:28", "command": "pascalanalyzer ./codigo -c 1, 2, 4, 8, 16, 32, 64 -i 50, 62, 79, 100, 125, 158, 200 -o saida_master.json -r 3", "hostname": "r2n05.npad.internal", "kernel": "Linux-4.18.0-477.10.1.el8_8.x86_64-x86_64-with-glibc2.14", "disable_hyperthread": false, "auto_instrumentation": false, "idle_time": 0, "data_descriptor": {"values": ["start_time", "stop_time"], "keys": ["cores", "input", "repetitions"]}, "disable_cores": false, "discard_ompnt": true, "arguments": [" 62", " 200", " 158", " 125", "50", " 100", " 79"]}, "data": {"64;0;1": {"start_time": 1759284028.8675852, "stop_time": 1759284157.2621512}, "64;0;2": {"start_time": 1759284157.2635312, "stop_time": 1759284285.7470775}, "64;0;3": {"start_time": 1759284285.7486172, "stop_time": 1759284414.1902997}, "64;1;1": {"start_time": 1759284414.1917293, "stop_time": 1759284538.752284}, "64;1;2": {"start_time": 1759284538.7535293, "stop_time": 1759284663.5001044}, "64;1;3": {"start_time": 1759284663.5015337, "stop_time": 1759284788.5442598}, "64;2;1": {"start_time": 1759284788.5455415, "stop_time": 1759284913.1442735}, "64;2;2": {"start_time": 1759284913.1455417, "stop_time": 1759285037.7302806}, "64;2;3": {"start_time": 1759285037.7315612, "stop_time": 1759285166.2623522}, "64;3;1": {"start_time": 1759285166.2638042, "stop_time": 1759285294.6646252}, "64;3;2": {"start_time": 1759285294.6659734, "stop_time": 1759285419.5125377}, "64;3;3": {"start_time": 1759285419.5137515, "stop_time": 1759285544.2728739}, "64;4;1": {"start_time": 1759285544.2743933, "stop_time": 1759285673.8201969}, "64;4;2": {"start_time": 1759285673.82147, "stop_time": 1759285801.2605996}, "64;4;3": {"start_time": 1759285801.2617562, "stop_time": 1759285926.6484487}, "64;5;1": {"start_time": 1759285926.6499999, "stop_time": 1759286121.4845972}, "64;5;2": {"start_time": 1759286121.4858153, "stop_time": 1759286316.376439}, "64;5;3": {"start_time": 1759286316.3776927, "stop_time": 1759286511.3095508}, "64;6;1": {"start_time": 1759286511.3108783, "stop_time": 1759286835.133786}, "64;6;2": {"start_time": 1759286835.1350477, "stop_time": 1759287152.3779683}, "64;6;3": {"start_time": 1759287152.3793147, "stop_time": 1759287469.576663}, "32;0;1": {"start_time": 1759287469.5779576, "stop_time": 1759287529.946949}, "32;0;2": {"start_time": 1759287529.9481952, "stop_time": 1759287590.2265728}, "32;0;3": {"start_time": 1759287590.2279644, "stop_time": 1759287650.4997723}, "32;1;1": {"start_time": 1759287650.501118, "stop_time": 1759287710.7559202}, "32;1;2": {"start_time": 1759287710.7571437, "stop_time": 1759287771.1239033}, "32;1;3": {"start_time": 1759287771.1252146, "stop_time": 1759287831.4562}, "32;2;1": {"start_time": 1759287831.457633, "stop_time": 1759287891.9160736}, "32;2;2": {"start_time": 1759287891.917244, "stop_time": 1759287952.2319045}, "32;2;3": {"start_time": 1759287952.2333007, "stop_time": 1759288012.6395345}, "32;3;1": {"start_time": 1759288012.6410658, "stop_time": 1759288073.603925}, "32;3;2": {"start_time": 1759288073.6052508, "stop_time": 1759288134.5033085}, "32;3;3": {"start_time": 1759288134.5048635, "stop_time": 1759288195.4122183}, "32;4;1": {"start_time": 1759288195.4135964, "stop_time": 1759288287.88825}, "32;4;2": {"start_time": 1759288287.8895717, "stop_time": 1759288380.296033}, "32;4;3": {"start_time": 1759288380.297383, "stop_time": 1759288472.7841477}, "32;5;1": {"start_time": 1759288472.7855527, "stop_time": 1759288629.2162406}, "32;5;2": {"start_time": 1759288629.21758, "stop_time": 1759288785.6293466}, "32;5;3": {"start_time": 1759288785.6306283, "stop_time": 1759288942.1083357}, "32;6;1": {"start_time": 1759288942.1097338, "stop_time": 1759289195.0972867}, "32;6;2": {"start_time": 1759289195.098501, "stop_time": 1759289448.0291512}, "32;6;3": {"start_time": 1759289448.0304043, "stop_time": 1759289701.0018284}, "16;0;1": {"start_time": 1759289701.0032413, "stop_time": 1759289729.204454}, "16;0;2": {"start_time": 1759289729.2056284, "stop_time": 1759289757.3913753}, "16;0;3": {"start_time": 1759289757.3923805, "stop_time": 1759289785.5503912}, "16;1;1": {"start_time": 1759289785.5515945, "stop_time": 1759289813.7146022}, "16;1;2": {"start_time": 1759289813.715722, "stop_time": 1759289841.9503953}, "16;1;3": {"start_time": 1759289841.9513297, "stop_time": 1759289870.1606443}, "16;2;1": {"start_time": 1759289870.1617548, "stop_time": 1759289898.9967458}, "16;2;2": {"start_time": 1759289898.9978569, "stop_time": 1759289928.0376413}, "16;2;3": {"start_time": 1759289928.038762, "stop_time": 1759289956.8477705}, "16;3;1": {"start_time": 1759289956.8488736, "stop_time": 1759290001.2234392}, "16;3;2": {"start_time": 1759290001.224545, "stop_time": 1759290045.4964721}, "16;3;3": {"start_time": 1759290045.497517, "stop_time": 1759290089.8504977}, "16;4;1": {"start_time": 1759290089.851568, "stop_time": 1759290166.0316448}, "16;4;2": {"start_time": 1759290166.032885, "stop_time": 1759290242.2320273}, "16;4;3": {"start_time": 1759290242.2334023, "stop_time": 1759290318.4159222}, "16;5;1": {"start_time": 1759290318.4174702, "stop_time": 1759290442.8118815}, "16;5;2": {"start_time": 1759290442.8132098, "stop_time": 1759290567.279962}, "16;5;3": {"start_time": 1759290567.2812877, "stop_time": 1759290691.6623597}, "16;6;1": {"start_time": 1759290691.6639025, "stop_time": 1759290928.1089294}, "16;6;2": {"start_time": 1759290928.1102147, "stop_time": 1759291164.5092497}, "16;6;3": {"start_time": 1759291164.5104306, "stop_time": 1759291400.9209762}, "8;0;1": {"start_time": 1759291400.922257, "stop_time": 1759291421.4828134}, "8;0;2": {"start_time": 1759291421.483883, "stop_time": 1759291442.0468874}, "8;0;3": {"start_time": 1759291442.0479517, "stop_time": 1759291462.6075237}, "8;1;1": {"start_time": 1759291462.6087685, "stop_time": 1759291483.203603}, "8;1;2": {"start_time": 1759291483.2047536, "stop_time": 1759291503.7786756}, "8;1;3": {"start_time": 1759291503.7797759, "stop_time": 1759291524.3496122}, "8;2;1": {"start_time": 1759291524.3508098, "stop_time": 1759291546.7363172}, "8;2;2": {"start_time": 1759291546.7373435, "stop_time": 1759291568.6126695}, "8;2;3": {"start_time": 1759291568.613722, "stop_time": 1759291590.3828213}, "8;3;1": {"start_time": 1759291590.3839626, "stop_time": 1759291626.4410117}, "8;3;2": {"start_time": 1759291626.442197, "stop_time": 1759291662.4191964}, "8;3;3": {"start_time": 1759291662.4203136, "stop_time": 1759291698.3590999}, "8;4;1": {"start_time": 1759291698.3603616, "stop_time": 1759291761.5415785}, "8;4;2": {"start_time": 1759291761.5430436, "stop_time": 1759291824.748318}, "8;4;3": {"start_time": 1759291824.7499192, "stop_time": 1759291887.9797425}, "8;5;1": {"start_time": 1759291887.9812253, "stop_time": 1759292006.8084223}, "8;5;2": {"start_time": 1759292006.809839, "stop_time": 1759292125.6653311}, "8;5;3": {"start_time": 1759292125.6665792, "stop_time": 1759292244.4886577}, "8;6;1": {"start_time": 1759292244.4901893, "stop_time": 1759292471.8057463}, "8;6;2": {"start_time": 1759292471.806935, "stop_time": 1759292699.0472343}, "8;6;3": {"start_time": 1759292699.0485265, "stop_time": 1759292926.1660614}, "4;0;1": {"start_time": 1759292926.167541, "stop_time": 1759292935.78404}, "4;0;2": {"start_time": 1759292935.7850358, "stop_time": 1759292945.3822036}, "4;0;3": {"start_time": 1759292945.3832953, "stop_time": 1759292954.984861}, "4;1;1": {"start_time": 1759292954.9861174, "stop_time": 1759292967.342265}, "4;1;2": {"start_time": 1759292967.343412, "stop_time": 1759292979.6873114}, "4;1;3": {"start_time": 1759292979.6884234, "stop_time": 1759292992.045069}, "4;2;1": {"start_time": 1759292992.046307, "stop_time": 1759293006.0774915}, "4;2;2": {"start_time": 1759293006.0786755, "stop_time": 1759293019.770595}, "4;2;3": {"start_time": 1759293019.7717342, "stop_time": 1759293033.791508}, "4;3;1": {"start_time": 1759293033.7926347, "stop_time": 1759293061.5473168}, "4;3;2": {"start_time": 1759293061.5483625,