{"config": {"pkg": "./codigo", "execdate": "30-09-2025_21:21:17", "command": "pascalanalyzer ./codigo -c 1, 2, 4, 8, 16, 32, 64 -i 50, 62, 79, 100, 125, 158, 200 -o saida_false.json -r 3", "hostname": "r2n48.npad.internal", "kernel": "Linux-4.18.0-477.10.1.el8_8.x86_64-x86_64-with-glibc2.14", "disable_hyperthread": false, "auto_instrumentation": false, "idle_time": 0, "data_descriptor": {"values": ["start_time", "stop_time"], "keys": ["cores", "input", "repetitions"]}, "disable_cores": false, "discard_ompnt": true, "arguments": [" 62", " 125", "50", " 100", " 79", " 200", " 158"]}, "data": {"64;0;1": {"start_time": 1759278077.6892874, "stop_time": 1759278078.2492514}, "64;0;2": {"start_time": 1759278078.249901, "stop_time": 1759278078.4801254}, "64;0;3": {"start_time": 1759278078.480677, "stop_time": 1759278078.717247}, "64;1;1": {"start_time": 1759278078.717878, "stop_time": 1759278079.1517644}, "64;1;2": {"start_time": 1759278079.152316, "stop_time": 1759278079.5807238}, "64;1;3": {"start_time": 1759278079.581282, "stop_time": 1759278080.0215037}, "64;2;1": {"start_time": 1759278080.022155, "stop_time": 1759278080.7645428}, "64;2;2": {"start_time": 1759278080.7651281, "stop_time": 1759278081.5321887}, "64;2;3": {"start_time": 1759278081.532804, "stop_time": 1759278082.2898889}, "64;3;1": {"start_time": 1759278082.2905772, "stop_time": 1759278083.5937045}, "64;3;2": {"start_time": 1759278083.5943117, "stop_time": 1759278084.9365892}, "64;3;3": {"start_time": 1759278084.9372468, "stop_time": 1759278086.1813455}, "64;4;1": {"start_time": 1759278086.1820757, "stop_time": 1759278087.8906326}, "64;4;2": {"start_time": 1759278087.8913424, "stop_time": 1759278089.6447055}, "64;4;3": {"start_time": 1759278089.6454062, "stop_time": 1759278091.365811}, "64;5;1": {"start_time": 1759278091.366623, "stop_time": 1759278094.598293}, "64;5;2": {"start_time": 1759278094.5992854, "stop_time": 1759278098.019924}, "64;5;3": {"start_time": 1759278098.0208373, "stop_time": 1759278101.5017004}, "64;6;1": {"start_time": 1759278101.5024385, "stop_time": 1759278106.9839158}, "64;6;2": {"start_time": 1759278106.9846368, "stop_time": 1759278112.425917}, "64;6;3": {"start_time": 1759278112.4266272, "stop_time": 1759278117.9386947}, "32;0;1": {"start_time": 1759278117.9394412, "stop_time": 1759278118.1469948}, "32;0;2": {"start_time": 1759278118.1476529, "stop_time": 1759278118.35869}, "32;0;3": {"start_time": 1759278118.3592377, "stop_time": 1759278118.564033}, "32;1;1": {"start_time": 1759278118.5646436, "stop_time": 1759278118.896048}, "32;1;2": {"start_time": 1759278118.8965878, "stop_time": 1759278119.2320368}, "32;1;3": {"start_time": 1759278119.232582, "stop_time": 1759278119.5686374}, "32;2;1": {"start_time": 1759278119.5692482, "stop_time": 1759278120.167231}, "32;2;2": {"start_time": 1759278120.1677866, "stop_time": 1759278120.77588}, "32;2;3": {"start_time": 1759278120.7764437, "stop_time": 1759278121.391531}, "32;3;1": {"start_time": 1759278121.3921804, "stop_time": 1759278122.4987702}, "32;3;2": {"start_time": 1759278122.4993799, "stop_time": 1759278123.622908}, "32;3;3": {"start_time": 1759278123.623524, "stop_time": 1759278124.7831588}, "32;4;1": {"start_time": 1759278124.7838855, "stop_time": 1759278126.8572447}, "32;4;2": {"start_time": 1759278126.857949, "stop_time": 1759278128.96933}, "32;4;3": {"start_time": 1759278128.9700694, "stop_time": 1759278131.0871894}, "32;5;1": {"start_time": 1759278131.087983, "stop_time": 1759278135.5737016}, "32;5;2": {"start_time": 1759278135.574411, "stop_time": 1759278140.0252206}, "32;5;3": {"start_time": 1759278140.0259297, "stop_time": 1759278144.4702485}, "32;6;1": {"start_time": 1759278144.471065, "stop_time": 1759278152.6830256}, "32;6;2": {"start_time": 1759278152.6839414, "stop_time": 1759278160.8905401}, "32;6;3": {"start_time": 1759278160.8912587, "stop_time": 1759278169.1287591}, "16;0;1": {"start_time": 1759278169.1295002, "stop_time": 1759278169.401435}, "16;0;2": {"start_time": 1759278169.4021275, "stop_time": 1759278169.7351685}, "16;0;3": {"start_time": 1759278169.7357397, "stop_time": 1759278170.0647185}, "16;1;1": {"start_time": 1759278170.0654128, "stop_time": 1759278170.6063101}, "16;1;2": {"start_time": 1759278170.6069124, "stop_time": 1759278171.1554167}, "16;1;3": {"start_time": 1759278171.1560369, "stop_time": 1759278171.6936443}, "16;2;1": {"start_time": 1759278171.6942742, "stop_time": 1759278172.7627738}, "16;2;2": {"start_time": 1759278172.7634397, "stop_time": 1759278173.8245378}, "16;2;3": {"start_time": 1759278173.8251884, "stop_time": 1759278174.8914297}, "16;3;1": {"start_time": 1759278174.8921764, "stop_time": 1759278177.0091128}, "16;3;2": {"start_time": 1759278177.0098286, "stop_time": 1759278179.1193411}, "16;3;3": {"start_time": 1759278179.1200857, "stop_time": 1759278181.1712282}, "16;4;1": {"start_time": 1759278181.1720173, "stop_time": 1759278185.1029637}, "16;4;2": {"start_time": 1759278185.103737, "stop_time": 1759278189.0939932}, "16;4;3": {"start_time": 1759278189.0947475, "stop_time": 1759278192.9775038}, "16;5;1": {"start_time": 1759278192.9783764, "stop_time": 1759278201.3724108}, "16;5;2": {"start_time": 1759278201.3731997, "stop_time": 1759278209.7604656}, "16;5;3": {"start_time": 1759278209.7612524, "stop_time": 1759278218.16498}, "16;6;1": {"start_time": 1759278218.1658523, "stop_time": 1759278234.0086653}, "16;6;2": {"start_time": 1759278234.0098135, "stop_time": 1759278249.9388487}, "16;6;3": {"start_time": 1759278249.9396567, "stop_time": 1759278265.7924387}, "8;0;1": {"start_time": 1759278265.7933652, "stop_time": 1759278266.3093565}, "8;0;2": {"start_time": 1759278266.310078, "stop_time": 1759278266.8068407}, "8;0;3": {"start_time": 1759278266.8074358, "stop_time": 1759278267.313123}, "8;1;1": {"start_time": 1759278267.3137934, "stop_time": 1759278268.2475216}, "8;1;2": {"start_time": 1759278268.2481356, "stop_time": 1759278269.166101}, "8;1;3": {"start_time": 1759278269.166734, "stop_time": 1759278270.0874562}, "8;2;1": {"start_time": 1759278270.0881972, "stop_time": 1759278271.9368663}, "8;2;2": {"start_time": 1759278271.9376585, "stop_time": 1759278273.8169281}, "8;2;3": {"start_time": 1759278273.8176408, "stop_time": 1759278275.7059648}, "8;3;1": {"start_time": 1759278275.706796, "stop_time": 1759278279.4749458}, "8;3;2": {"start_time": 1759278279.4757872, "stop_time": 1759278283.231987}, "8;3;3": {"start_time": 1759278283.2327795, "stop_time": 1759278286.9851182}, "8;4;1": {"start_time": 1759278286.9861867, "stop_time": 1759278294.3051727}, "8;4;2": {"start_time": 1759278294.3060186, "stop_time": 1759278301.6102734}, "8;4;3": {"start_time": 1759278301.611109, "stop_time": 1759278308.9154198}, "8;5;1": {"start_time": 1759278308.9162545, "stop_time": 1759278324.558774}, "8;5;2": {"start_time": 1759278324.5597005, "stop_time": 1759278340.1120827}, "8;5;3": {"start_time": 1759278340.1129057, "stop_time": 1759278355.6249328}, "8;6;1": {"start_time": 1759278355.6258268, "stop_time": 1759278386.269476}, "8;6;2": {"start_time": 1759278386.2706356, "stop_time": 1759278417.205012}, "8;6;3": {"start_time": 1759278417.2058623, "stop_time": 1759278448.0935533}, "4;0;1": {"start_time": 1759278448.0944495, "stop_time": 1759278449.0049303}, "4;0;2": {"start_time": 1759278449.0057352, "stop_time": 1759278449.892894}, "4;0;3": {"start_time": 1759278449.893556, "stop_time": 1759278450.8011756}, "4;1;1": {"start_time": 1759278450.8019369, "stop_time": 1759278452.5098732}, "4;1;2": {"start_time": 1759278452.510566, "stop_time": 1759278454.2246509}, "4;1;3": {"start_time": 1759278454.2254546, "stop_time": 1759278455.958584}, "4;2;1": {"start_time": 1759278455.9593654, "stop_time": 1759278459.5098848}, "4;2;2": {"start_time": 1759278459.5106876, "stop_time": 1759278463.0725727}, "4;2;3": {"start_time": 1759278463.0733454, "stop_time": 1759278466.633784}, "4;3;1": {"start_time": 1759278466.634639, "stop_time": 1759278474.0194998}, "4;3;2": {"start_time": 1759278474.0202928,