{"config": {"pkg": "./codigo", "execdate": "30-09-2025_21:21:34", "command": "pascalanalyzer ./codigo -c 1, 2, 4, 8, 16, 32, 64 -i 50, 62, 79, 100, 125, 158, 200 -o saida_true.json -r 3", "hostname": "r2n52.npad.internal", "kernel": "Linux-4.18.0-477.10.1.el8_8.x86_64-x86_64-with-glibc2.14", "disable_hyperthread": false, "auto_instrumentation": false, "idle_time": 0, "data_descriptor": {"values": ["start_time", "stop_time"], "keys": ["cores", "input", "repetitions"]}, "disable_cores": false, "discard_ompnt": true, "arguments": [" 62", " 100", " 200", " 125", " 158", " 79", "50"]}, "data": {"64;0;1": {"start_time": 1759278094.6227248, "stop_time": 1759278094.7117074}, "64;0;2": {"start_time": 1759278094.7125778, "stop_time": 1759278094.805947}, "64;0;3": {"start_time": 1759278094.8069835, "stop_time": 1759278094.89254}, "64;1;1": {"start_time": 1759278094.893429, "stop_time": 1759278095.0421798}, "64;1;2": {"start_time": 1759278095.0429413, "stop_time": 1759278095.1913857}, "64;1;3": {"start_time": 1759278095.1921988, "stop_time": 1759278095.3437119}, "64;2;1": {"start_time": 1759278095.3445797, "stop_time": 1759278095.6292927}, "64;2;2": {"start_time": 1759278095.6301012, "stop_time": 1759278095.922536}, "64;2;3": {"start_time": 1759278095.9235206, "stop_time": 1759278096.2033849}, "64;3;1": {"start_time": 1759278096.2043352, "stop_time": 1759278096.7475054}, "64;3;2": {"start_time": 1759278096.7483327, "stop_time": 1759278097.2952578}, "64;3;3": {"start_time": 1759278097.2961555, "stop_time": 1759278097.8450766}, "64;4;1": {"start_time": 1759278097.8459616, "stop_time": 1759278098.8794644}, "64;4;2": {"start_time": 1759278098.8803809, "stop_time": 1759278099.8954823}, "64;4;3": {"start_time": 1759278099.8963473, "stop_time": 1759278100.9351845}, "64;5;1": {"start_time": 1759278100.936225, "stop_time": 1759278103.151502}, "64;5;2": {"start_time": 1759278103.1524034, "stop_time": 1759278105.3937464}, "64;5;3": {"start_time": 1759278105.3947663, "stop_time": 1759278107.6211765}, "64;6;1": {"start_time": 1759278107.622362, "stop_time": 1759278112.2117906}, "64;6;2": {"start_time": 1759278112.2132633, "stop_time": 1759278116.8260171}, "64;6;3": {"start_time": 1759278116.8270664, "stop_time": 1759278121.4272912}, "32;0;1": {"start_time": 1759278121.4284363, "stop_time": 1759278121.5632231}, "32;0;2": {"start_time": 1759278121.564143, "stop_time": 1759278121.703909}, "32;0;3": {"start_time": 1759278121.7047043, "stop_time": 1759278121.8481}, "32;1;1": {"start_time": 1759278121.849005, "stop_time": 1759278122.0893428}, "32;1;2": {"start_time": 1759278122.0901036, "stop_time": 1759278122.3303685}, "32;1;3": {"start_time": 1759278122.3311949, "stop_time": 1759278122.56979}, "32;2;1": {"start_time": 1759278122.5707116, "stop_time": 1759278123.0420988}, "32;2;2": {"start_time": 1759278123.042912, "stop_time": 1759278123.5226135}, "32;2;3": {"start_time": 1759278123.5234609, "stop_time": 1759278123.9982913}, "32;3;1": {"start_time": 1759278123.9992502, "stop_time": 1759278124.9422433}, "32;3;2": {"start_time": 1759278124.9431586, "stop_time": 1759278125.894478}, "32;3;3": {"start_time": 1759278125.8953724, "stop_time": 1759278126.8511045}, "32;4;1": {"start_time": 1759278126.8521566, "stop_time": 1759278128.7103617}, "32;4;2": {"start_time": 1759278128.7116318, "stop_time": 1759278130.5680587}, "32;4;3": {"start_time": 1759278130.5692916, "stop_time": 1759278132.4165204}, "32;5;1": {"start_time": 1759278132.417817, "stop_time": 1759278136.2426531}, "32;5;2": {"start_time": 1759278136.243741, "stop_time": 1759278140.0900142}, "32;5;3": {"start_time": 1759278140.0910842, "stop_time": 1759278143.938194}, "32;6;1": {"start_time": 1759278143.9393244, "stop_time": 1759278151.7569337}, "32;6;2": {"start_time": 1759278151.7584767, "stop_time": 1759278159.590932}, "32;6;3": {"start_time": 1759278159.5919669, "stop_time": 1759278167.412029}, "16;0;1": {"start_time": 1759278167.4132466, "stop_time": 1759278167.6537719}, "16;0;2": {"start_time": 1759278167.6547606, "stop_time": 1759278167.8873155}, "16;0;3": {"start_time": 1759278167.8881602, "stop_time": 1759278168.1219306}, "16;1;1": {"start_time": 1759278168.1228511, "stop_time": 1759278168.558563}, "16;1;2": {"start_time": 1759278168.559388, "stop_time": 1759278168.9932532}, "16;1;3": {"start_time": 1759278168.9941373, "stop_time": 1759278169.4227483}, "16;2;1": {"start_time": 1759278169.4237502, "stop_time": 1759278170.3322606}, "16;2;2": {"start_time": 1759278170.3331802, "stop_time": 1759278171.231346}, "16;2;3": {"start_time": 1759278171.2323875, "stop_time": 1759278172.1321166}, "16;3;1": {"start_time": 1759278172.1331518, "stop_time": 1759278173.9909267}, "16;3;2": {"start_time": 1759278173.9919634, "stop_time": 1759278175.8375907}, "16;3;3": {"start_time": 1759278175.8385909, "stop_time": 1759278177.7099571}, "16;4;1": {"start_time": 1759278177.7111747, "stop_time": 1759278181.3848858}, "16;4;2": {"start_time": 1759278181.3856976, "stop_time": 1759278185.0976877}, "16;4;3": {"start_time": 1759278185.0988257, "stop_time": 1759278188.8081727}, "16;5;1": {"start_time": 1759278188.8093567, "stop_time": 1759278196.2301362}, "16;5;2": {"start_time": 1759278196.2311532, "stop_time": 1759278203.6643896}, "16;5;3": {"start_time": 1759278203.665492, "stop_time": 1759278211.1031234}, "16;6;1": {"start_time": 1759278211.1043463, "stop_time": 1759278226.3981645}, "16;6;2": {"start_time": 1759278226.3994792, "stop_time": 1759278241.6785939}, "16;6;3": {"start_time": 1759278241.6796257, "stop_time": 1759278256.9547338}, "8;0;1": {"start_time": 1759278256.9559395, "stop_time": 1759278257.3890338}, "8;0;2": {"start_time": 1759278257.389979, "stop_time": 1759278257.824702}, "8;0;3": {"start_time": 1759278257.8255794, "stop_time": 1759278258.2565155}, "8;1;1": {"start_time": 1759278258.2575774, "stop_time": 1759278259.1007562}, "8;1;2": {"start_time": 1759278259.1016395, "stop_time": 1759278259.9365058}, "8;1;3": {"start_time": 1759278259.9374018, "stop_time": 1759278260.7881365}, "8;2;1": {"start_time": 1759278260.7891676, "stop_time": 1759278262.5520644}, "8;2;2": {"start_time": 1759278262.5530999, "stop_time": 1759278264.3185122}, "8;2;3": {"start_time": 1759278264.319511, "stop_time": 1759278266.0762634}, "8;3;1": {"start_time": 1759278266.0775406, "stop_time": 1759278269.7672412}, "8;3;2": {"start_time": 1759278269.7684844, "stop_time": 1759278273.470338}, "8;3;3": {"start_time": 1759278273.4714994, "stop_time": 1759278277.1711805}, "8;4;1": {"start_time": 1759278277.1722732, "stop_time": 1759278284.4652336}, "8;4;2": {"start_time": 1759278284.4664502, "stop_time": 1759278291.7817776}, "8;4;3": {"start_time": 1759278291.7828426, "stop_time": 1759278299.0076182}, "8;5;1": {"start_time": 1759278299.008854, "stop_time": 1759278313.625076}, "8;5;2": {"start_time": 1759278313.6261706, "stop_time": 1759278328.3412008}, "8;5;3": {"start_time": 1759278328.3422492, "stop_time": 1759278342.9639895}, "8;6;1": {"start_time": 1759278342.9652932, "stop_time": 1759278373.276493}, "8;6;2": {"start_time": 1759278373.2779205, "stop_time": 1759278403.415312}, "8;6;3": {"start_time": 1759278403.4164677, "stop_time": 1759278433.6844826}, "4;0;1": {"start_time": 1759278433.6857762, "stop_time": 1759278434.5412548}, "4;0;2": {"start_time": 1759278434.5422792, "stop_time": 1759278435.3895488}, "4;0;3": {"start_time": 1759278435.3905728, "stop_time": 1759278436.244781}, "4;1;1": {"start_time": 1759278436.2458708, "stop_time": 1759278437.9036684}, "4;1;2": {"start_time": 1759278437.9047751, "stop_time": 1759278439.5654829}, "4;1;3": {"start_time": 1759278439.5665076, "stop_time": 1759278441.2297506}, "4;2;1": {"start_time": 1759278441.2308803, "stop_time": 1759278444.7337654}, "4;2;2": {"start_time": 1759278444.7349079, "stop_time": 1759278448.199734}, "4;2;3": {"start_time": 1759278448.2008896, "stop_time": 1759278451.6664305}, "4;3;1": {"start_time": 1759278451.6676114, "stop_time": 1759278458.9620597}, "4;3;2": {"start_time": 1759278458.9633148,