{"config": {"pkg": "./codigo", "execdate": "30-09-2025_22:08:13", "command": "pascalanalyzer ./codigo -c 1, 2, 4, 8, 16, 32, 64 -i 50, 62, 79, 100, 125, 158, 200 -o saida_spread.json -r 3", "hostname": "r2n48.npad.internal", "kernel": "Linux-4.18.0-477.10.1.el8_8.x86_64-x86_64-with-glibc2.14", "disable_hyperthread": false, "auto_instrumentation": false, "idle_time": 0, "data_descriptor": {"values": ["start_time", "stop_time"], "keys": ["cores", "input", "repetitions"]}, "disable_cores": false, "discard_ompnt": true, "arguments": ["50", " 200", " 158", " 62", " 79", " 100", " 125"]}, "data": {"64;0;1": {"start_time": 1759280893.6625235, "stop_time": 1759280893.8053176}, "64;0;2": {"start_time": 1759280893.8058794, "stop_time": 1759280893.9576635}, "64;0;3": {"start_time": 1759280893.9582255, "stop_time": 1759280894.113865}, "64;1;1": {"start_time": 1759280894.1144176, "stop_time": 1759280894.3312047}, "64;1;2": {"start_time": 1759280894.3317826, "stop_time": 1759280894.5512035}, "64;1;3": {"start_time": 1759280894.5517, "stop_time": 1759280894.7578688}, "64;2;1": {"start_time": 1759280894.7584798, "stop_time": 1759280895.1006513}, "64;2;2": {"start_time": 1759280895.1011486, "stop_time": 1759280895.4906454}, "64;2;3": {"start_time": 1759280895.491219, "stop_time": 1759280895.862171}, "64;3;1": {"start_time": 1759280895.8627877, "stop_time": 1759280896.4057672}, "64;3;2": {"start_time": 1759280896.4063122, "stop_time": 1759280896.9523978}, "64;3;3": {"start_time": 1759280896.9529178, "stop_time": 1759280897.5162795}, "64;4;1": {"start_time": 1759280897.5169423, "stop_time": 1759280898.527196}, "64;4;2": {"start_time": 1759280898.527741, "stop_time": 1759280899.57868}, "64;4;3": {"start_time": 1759280899.5793052, "stop_time": 1759280900.6445863}, "64;5;1": {"start_time": 1759280900.645198, "stop_time": 1759280903.0558307}, "64;5;2": {"start_time": 1759280903.056531, "stop_time": 1759280905.3601694}, "64;5;3": {"start_time": 1759280905.360863, "stop_time": 1759280907.6573145}, "64;6;1": {"start_time": 1759280907.6581442, "stop_time": 1759280911.724173}, "64;6;2": {"start_time": 1759280911.7253635, "stop_time": 1759280915.803808}, "64;6;3": {"start_time": 1759280915.8046577, "stop_time": 1759280919.9154673}, "32;0;1": {"start_time": 1759280919.9163773, "stop_time": 1759280920.105346}, "32;0;2": {"start_time": 1759280920.1060429, "stop_time": 1759280920.3001807}, "32;0;3": {"start_time": 1759280920.3007343, "stop_time": 1759280920.486512}, "32;1;1": {"start_time": 1759280920.487154, "stop_time": 1759280920.7758327}, "32;1;2": {"start_time": 1759280920.7763653, "stop_time": 1759280921.0726378}, "32;1;3": {"start_time": 1759280921.073194, "stop_time": 1759280921.3726988}, "32;2;1": {"start_time": 1759280921.373321, "stop_time": 1759280921.9025035}, "32;2;2": {"start_time": 1759280921.9031055, "stop_time": 1759280922.444345}, "32;2;3": {"start_time": 1759280922.4449205, "stop_time": 1759280922.9747057}, "32;3;1": {"start_time": 1759280922.975382, "stop_time": 1759280923.9790685}, "32;3;2": {"start_time": 1759280923.9796793, "stop_time": 1759280924.9885685}, "32;3;3": {"start_time": 1759280924.9892411, "stop_time": 1759280926.0193915}, "32;4;1": {"start_time": 1759280926.0200753, "stop_time": 1759280927.9297504}, "32;4;2": {"start_time": 1759280927.9304326, "stop_time": 1759280929.8601692}, "32;4;3": {"start_time": 1759280929.8609037, "stop_time": 1759280931.7899585}, "32;5;1": {"start_time": 1759280931.7907438, "stop_time": 1759280935.946225}, "32;5;2": {"start_time": 1759280935.9470055, "stop_time": 1759280940.1342685}, "32;5;3": {"start_time": 1759280940.135002, "stop_time": 1759280944.2938085}, "32;6;1": {"start_time": 1759280944.294679, "stop_time": 1759280952.1462033}, "32;6;2": {"start_time": 1759280952.147386, "stop_time": 1759280960.1007407}, "32;6;3": {"start_time": 1759280960.1015491, "stop_time": 1759280968.0038748}, "16;0;1": {"start_time": 1759280968.0047765, "stop_time": 1759280968.2889347}, "16;0;2": {"start_time": 1759280968.2896426, "stop_time": 1759280968.5783546}, "16;0;3": {"start_time": 1759280968.5789745, "stop_time": 1759280968.8642836}, "16;1;1": {"start_time": 1759280968.8649476, "stop_time": 1759280969.3661292}, "16;1;2": {"start_time": 1759280969.3667314, "stop_time": 1759280969.864063}, "16;1;3": {"start_time": 1759280969.864645, "stop_time": 1759280970.639246}, "16;2;1": {"start_time": 1759280970.6399293, "stop_time": 1759280971.6663518}, "16;2;2": {"start_time": 1759280971.667051, "stop_time": 1759280972.6972976}, "16;2;3": {"start_time": 1759280972.6979678, "stop_time": 1759280973.693843}, "16;3;1": {"start_time": 1759280973.6945212, "stop_time": 1759280975.637919}, "16;3;2": {"start_time": 1759280975.6386385, "stop_time": 1759280977.5966678}, "16;3;3": {"start_time": 1759280977.5973644, "stop_time": 1759280979.5446606}, "16;4;1": {"start_time": 1759280979.5454345, "stop_time": 1759280983.2783248}, "16;4;2": {"start_time": 1759280983.2790976, "stop_time": 1759280987.016201}, "16;4;3": {"start_time": 1759280987.016924, "stop_time": 1759280990.7844677}, "16;5;1": {"start_time": 1759280990.7852995, "stop_time": 1759280998.794932}, "16;5;2": {"start_time": 1759280998.7960036, "stop_time": 1759281006.8036919}, "16;5;3": {"start_time": 1759281006.8046398, "stop_time": 1759281014.9265277}, "16;6;1": {"start_time": 1759281014.927878, "stop_time": 1759281030.3741643}, "16;6;2": {"start_time": 1759281030.3754046, "stop_time": 1759281045.8584702}, "16;6;3": {"start_time": 1759281045.8593116, "stop_time": 1759281061.2875025}, "8;0;1": {"start_time": 1759281061.2884243, "stop_time": 1759281061.787359}, "8;0;2": {"start_time": 1759281061.788195, "stop_time": 1759281062.293932}, "8;0;3": {"start_time": 1759281062.2948186, "stop_time": 1759281062.8088865}, "8;1;1": {"start_time": 1759281062.8096588, "stop_time": 1759281063.7477174}, "8;1;2": {"start_time": 1759281063.7484164, "stop_time": 1759281064.6877425}, "8;1;3": {"start_time": 1759281064.6884568, "stop_time": 1759281065.599232}, "8;2;1": {"start_time": 1759281065.6002824, "stop_time": 1759281067.4789777}, "8;2;2": {"start_time": 1759281067.4798067, "stop_time": 1759281069.3725781}, "8;2;3": {"start_time": 1759281069.3736105, "stop_time": 1759281071.2233057}, "8;3;1": {"start_time": 1759281071.2241824, "stop_time": 1759281074.967937}, "8;3;2": {"start_time": 1759281074.9691298, "stop_time": 1759281078.7033234}, "8;3;3": {"start_time": 1759281078.7041852, "stop_time": 1759281082.5020792}, "8;4;1": {"start_time": 1759281082.5032692, "stop_time": 1759281089.7939386}, "8;4;2": {"start_time": 1759281089.7948532, "stop_time": 1759281097.0447612}, "8;4;3": {"start_time": 1759281097.0458357, "stop_time": 1759281104.328081}, "8;5;1": {"start_time": 1759281104.3290167, "stop_time": 1759281119.5519483}, "8;5;2": {"start_time": 1759281119.5530627, "stop_time": 1759281134.8119667}, "8;5;3": {"start_time": 1759281134.8130221, "stop_time": 1759281150.0709472}, "8;6;1": {"start_time": 1759281150.0719497, "stop_time": 1759281180.963802}, "8;6;2": {"start_time": 1759281180.964896, "stop_time": 1759281211.8021238}, "8;6;3": {"start_time": 1759281211.8030994, "stop_time": 1759281242.7821372}, "4;0;1": {"start_time": 1759281242.7832963, "stop_time": 1759281243.691113}, "4;0;2": {"start_time": 1759281243.6920097, "stop_time": 1759281244.6152487}, "4;0;3": {"start_time": 1759281244.61618, "stop_time": 1759281245.516308}, "4;1;1": {"start_time": 1759281245.5172155, "stop_time": 1759281247.2336674}, "4;1;2": {"start_time": 1759281247.2345078, "stop_time": 1759281248.9649727}, "4;1;3": {"start_time": 1759281248.9658694, "stop_time": 1759281250.6917434}, "4;2;1": {"start_time": 1759281250.6928532, "stop_time": 1759281254.2433627}, "4;2;2": {"start_time": 1759281254.2444384, "stop_time": 1759281257.7842858}, "4;2;3": {"start_time": 1759281257.785315, "stop_time": 1759281261.3231184}, "4;3;1": {"start_time": 1759281261.3241746, "stop_time": 1759281268.658829}, "4;3;2": {"start_time": 1759281268.6598837,